MarkerID,Ref,Alt,FlankSeqBase
chr01_000551986,G,A,A
chr01_003087381,C,T,T
chr01_016918353,C,T,T
chr01_017749671,T,A,A
chr01_018814198,T,C,C
chr01_024114096,T,C,C
chr02_001324543,C,T,T
chr02_003629064,T,A,A
chr02_006188617,A,G,G
chr02_007831956,A,G,G
chr03_001847102,T,G,G
chr03_008403995,C,T,T
chr03_008505722,A,G,G
chr03_010163623,G,C,C
chr04_000145936,T,C,C
chr04_001847769,T,C,C
chr04_002387668,T,G,G
chr04_007023874,A,G,G
chr04_007625713,A,G,G
chr04_009507699,G,A,A
chr04_010942671,A,G,G
chr04_021688626,C,T,T
chr05_002801346,T,C,C
chr05_019502042,C,T,T
chr05_021261606,C,A,A
chr05_025360148,G,A,A
chr05_025529655,C,A,A
chr06_001396501,C,T,T
chr06_001539514,C,A,A
chr06_005894153,C,A,A
chr06_007897571,T,C,C
chr06_008320626,G,T,T
chr06_008883132,G,T,T
chr06_016480334,A,T,T
chr06_017558198,A,T,T
chr06_020454071,G,A,A
chr06_020724815,A,G,G
chr07_002110524,C,T,T
chr07_004883995,C,T,T
chr07_026035309,T,C,C
chr07_027038228,A,G,G
chr08_000782759,G,T,T
chr08_010721882,T,C,C
chr08_014583412,G,A,A
chr08_015791339,T,G,G
chr08_017274575,G,A,A
chr08_017828995,C,T,T
chr08_021512741,T,C,C
chr08_021539790,A,G,G
chr09_004054211,A,G,G
chr09_008751479,A,C,C
chr10_002225181,A,T,T
chr10_003075440,T,C,C
chr10_004243527,C,T,T
chr10_005438083,C,A,A
chr10_006599280,A,G,G
chr10_006927252,A,C,C
chr10_008573223,C,T,T
chr10_015342599,G,A,A
chr10_022554396,G,A,A
chr11_001146384,T,C,C
chr11_004375835,A,T,T
chr11_005925996,A,G,G
chr11_010241613,C,G,G
chr11_013234950,T,A,A
chr11_019470619,T,A,A
chr12_001439417,A,T,T
chr12_003219520,C,T,T
chr12_006834817,C,A,A
chr12_009234574,G,A,A
chr12_015217877,T,A,A
chr12_020089897,T,A,A
chr12_024101710,C,G,G
chr12_024149144,T,C,C
chr13_003694501,T,A,A
chr13_004662958,C,T,T
chr13_004670607,C,T,T
chr13_004882396,G,A,A
chr13_005892687,C,T,T
chr13_006988757,C,T,T
chr13_013236161,T,A,A
chr13_015700257,G,C,C
chr13_024916689,T,C,C
chr13_024987423,A,G,G
chr13_026951944,A,G,G
chr14_005968516,A,T,T
chr14_011862993,T,C,C
chr14_012790565,C,A,A
chr14_012950260,A,C,C
chr14_016508455,C,T,T
chr14_021478286,C,T,T
chr14_028872318,A,G,G
chr15_007837438,T,C,C
chr15_010929828,C,G,G
chr15_015166176,A,T,T
chr15_016575123,T,C,C
chr16_001105494,G,A,A
chr16_019101515,C,T,T
chr16_019548533,G,A,A
chr16_020658353,A,G,G
chr17_000901278,G,T,T
chr17_003126995,G,A,A
chr17_005359614,C,T,T
chr17_005916212,T,A,A
chr18_001344625,T,C,C
chr18_003172080,C,T,T
chr18_004792646,G,A,A
chr18_007423754,T,C,C
chr18_014227496,A,T,T
chr18_026778733,G,A,A
chr18_031717310,C,T,T
chr19_000965811,G,T,T
chr19_003655046,G,A,A
chr19_004189646,C,T,T
chr19_004493137,T,A,A
chr19_007124842,T,C,C
chr19_014674811,G,C,C
chr19_017333814,A,G,G
chr19_023812669,C,T,T
